CREATE DATABASE StoreSneaker
GO
USE StoreSneaker
GO
ALTER DATABASE [StoreSneaker] SET ANSI_NULL_DEFAULT OFF 
GO
ALTER DATABASE [StoreSneaker] SET ANSI_NULLS OFF 
GO
ALTER DATABASE [StoreSneaker] SET ANSI_PADDING OFF 
GO
ALTER DATABASE [StoreSneaker] SET ANSI_WARNINGS OFF 
GO
ALTER DATABASE [StoreSneaker] SET ARITHABORT OFF 
GO
ALTER DATABASE [StoreSneaker] SET AUTO_CLOSE OFF 
GO
ALTER DATABASE [StoreSneaker] SET AUTO_SHRINK OFF 
GO
ALTER DATABASE [StoreSneaker] SET AUTO_UPDATE_STATISTICS ON 
GO
ALTER DATABASE [StoreSneaker] SET CURSOR_CLOSE_ON_COMMIT OFF 
GO
ALTER DATABASE [StoreSneaker] SET CURSOR_DEFAULT  GLOBAL 
GO
ALTER DATABASE [StoreSneaker] SET CONCAT_NULL_YIELDS_NULL OFF 
GO
ALTER DATABASE [StoreSneaker] SET NUMERIC_ROUNDABORT OFF 
GO
ALTER DATABASE [StoreSneaker] SET QUOTED_IDENTIFIER OFF 
GO
ALTER DATABASE [StoreSneaker] SET RECURSIVE_TRIGGERS OFF 
GO
ALTER DATABASE [StoreSneaker] SET  ENABLE_BROKER 
GO
ALTER DATABASE [StoreSneaker] SET AUTO_UPDATE_STATISTICS_ASYNC OFF 
GO
ALTER DATABASE [StoreSneaker] SET DATE_CORRELATION_OPTIMIZATION OFF 
GO
ALTER DATABASE [StoreSneaker] SET TRUSTWORTHY OFF 
GO
ALTER DATABASE [StoreSneaker] SET ALLOW_SNAPSHOT_ISOLATION OFF 
GO
ALTER DATABASE [StoreSneaker] SET PARAMETERIZATION SIMPLE 
GO
ALTER DATABASE [StoreSneaker] SET READ_COMMITTED_SNAPSHOT OFF 
GO
ALTER DATABASE [StoreSneaker] SET HONOR_BROKER_PRIORITY OFF 
GO
ALTER DATABASE [StoreSneaker] SET RECOVERY FULL 
GO
ALTER DATABASE [StoreSneaker] SET  MULTI_USER 
GO
ALTER DATABASE [StoreSneaker] SET PAGE_VERIFY CHECKSUM  
GO
ALTER DATABASE [StoreSneaker] SET DB_CHAINING OFF 
GO
ALTER DATABASE [StoreSneaker] SET FILESTREAM( NON_TRANSACTED_ACCESS = OFF ) 
GO
ALTER DATABASE [StoreSneaker] SET TARGET_RECOVERY_TIME = 60 SECONDS 
GO
ALTER DATABASE [StoreSneaker] SET DELAYED_DURABILITY = DISABLED 
GO
ALTER DATABASE [StoreSneaker] SET ACCELERATED_DATABASE_RECOVERY = OFF  
GO
EXEC sys.sp_db_vardecimal_storage_format N'StoreSneaker', N'ON'
GO
ALTER DATABASE [StoreSneaker] SET QUERY_STORE = OFF
GO
USE [StoreSneaker]
GO
/****** Object:  Table [dbo].[BANG_SIZE]    Script Date: 12/5/2022 5:16:22 PM ******/
SET ANSI_NULLS ON
GO
SET QUOTED_IDENTIFIER ON
GO
CREATE TABLE [dbo].[BANG_SIZE](
	[ID] [int] IDENTITY(1,1) NOT NULL,
	[TENSIZE] [int] NULL,
PRIMARY KEY CLUSTERED 
(
	[ID] ASC
)WITH (PAD_INDEX = OFF, STATISTICS_NORECOMPUTE = OFF, IGNORE_DUP_KEY = OFF, ALLOW_ROW_LOCKS = ON, ALLOW_PAGE_LOCKS = ON, OPTIMIZE_FOR_SEQUENTIAL_KEY = OFF) ON [PRIMARY]
) ON [PRIMARY]
GO
/****** Object:  Table [dbo].[CA_LAM]    Script Date: 12/5/2022 5:16:22 PM ******/
SET ANSI_NULLS ON
GO
SET QUOTED_IDENTIFIER ON
GO
CREATE TABLE [dbo].[CA_LAM](
	[ID] [int] IDENTITY(1,1) NOT NULL,
	[TENCA] [nvarchar](50) NULL,
	[THOIGIAN] [int] NULL,
PRIMARY KEY CLUSTERED 
(
	[ID] ASC
)WITH (PAD_INDEX = OFF, STATISTICS_NORECOMPUTE = OFF, IGNORE_DUP_KEY = OFF, ALLOW_ROW_LOCKS = ON, ALLOW_PAGE_LOCKS = ON, OPTIMIZE_FOR_SEQUENTIAL_KEY = OFF) ON [PRIMARY]
) ON [PRIMARY]
GO
/****** Object:  Table [dbo].[CHITIET_PHIEUNHAP]    Script Date: 12/5/2022 5:16:22 PM ******/
SET ANSI_NULLS ON
GO
SET QUOTED_IDENTIFIER ON
GO
CREATE TABLE [dbo].[CHITIET_PHIEUNHAP](
	[ID] [int] IDENTITY(1,1) NOT NULL,
	[idSanPham] [int] NULL,
	[SOLUONG] [int] NULL,
	[GIANHAP] [int] NULL,
PRIMARY KEY CLUSTERED 
(
	[ID] ASC
)WITH (PAD_INDEX = OFF, STATISTICS_NORECOMPUTE = OFF, IGNORE_DUP_KEY = OFF, ALLOW_ROW_LOCKS = ON, ALLOW_PAGE_LOCKS = ON, OPTIMIZE_FOR_SEQUENTIAL_KEY = OFF) ON [PRIMARY]
) ON [PRIMARY]
GO
/****** Object:  Table [dbo].[CHUC_VU]    Script Date: 12/5/2022 5:16:22 PM ******/
SET ANSI_NULLS ON
GO
SET QUOTED_IDENTIFIER ON
GO
CREATE TABLE [dbo].[CHUC_VU](
	[ID] [int] IDENTITY(1,1) NOT NULL,
	[TENCHUCVU] [nvarchar](50) NULL,
	[LUONG] [int] NULL,
PRIMARY KEY CLUSTERED 
(
	[ID] ASC
)WITH (PAD_INDEX = OFF, STATISTICS_NORECOMPUTE = OFF, IGNORE_DUP_KEY = OFF, ALLOW_ROW_LOCKS = ON, ALLOW_PAGE_LOCKS = ON, OPTIMIZE_FOR_SEQUENTIAL_KEY = OFF) ON [PRIMARY]
) ON [PRIMARY]
GO
/****** Object:  Table [dbo].[GIO_HANG]    Script Date: 12/5/2022 5:16:22 PM ******/
SET ANSI_NULLS ON
GO
SET QUOTED_IDENTIFIER ON
GO
CREATE TABLE [dbo].[GIO_HANG](
	[ID] [int] IDENTITY(1,1) NOT NULL,
	[idHoaDon] [int] NULL,
	[idSanPham] [int] NULL,
	[SOLUONG] [int] NULL,
PRIMARY KEY CLUSTERED 
(
	[ID] ASC
)WITH (PAD_INDEX = OFF, STATISTICS_NORECOMPUTE = OFF, IGNORE_DUP_KEY = OFF, ALLOW_ROW_LOCKS = ON, ALLOW_PAGE_LOCKS = ON, OPTIMIZE_FOR_SEQUENTIAL_KEY = OFF) ON [PRIMARY]
) ON [PRIMARY]
GO
/****** Object:  Table [dbo].[HANG_SAN_XUAT]    Script Date: 12/5/2022 5:16:22 PM ******/
SET ANSI_NULLS ON
GO
SET QUOTED_IDENTIFIER ON
GO
CREATE TABLE [dbo].[HANG_SAN_XUAT](
	[ID] [int] IDENTITY(1,1) NOT NULL,
	[TENHANG] [nvarchar](30) NULL,
	[DIACHI] [nvarchar](50) NULL,
PRIMARY KEY CLUSTERED 
(
	[ID] ASC
)WITH (PAD_INDEX = OFF, STATISTICS_NORECOMPUTE = OFF, IGNORE_DUP_KEY = OFF, ALLOW_ROW_LOCKS = ON, ALLOW_PAGE_LOCKS = ON, OPTIMIZE_FOR_SEQUENTIAL_KEY = OFF) ON [PRIMARY]
) ON [PRIMARY]
GO
/****** Object:  Table [dbo].[HOA_DON]    Script Date: 12/5/2022 5:16:22 PM ******/
SET ANSI_NULLS ON
GO
SET QUOTED_IDENTIFIER ON
GO
CREATE TABLE [dbo].[HOA_DON](
	[ID] [int] IDENTITY(1,1) NOT NULL,
	[NGAYLAPHD] [date] NULL,
	[idKhachHang] [int] NULL,
	[TRANGTHAI] [bit] NULL,
	[TONGTIEN] [int] NULL,
PRIMARY KEY CLUSTERED 
(
	[ID] ASC
)WITH (PAD_INDEX = OFF, STATISTICS_NORECOMPUTE = OFF, IGNORE_DUP_KEY = OFF, ALLOW_ROW_LOCKS = ON, ALLOW_PAGE_LOCKS = ON, OPTIMIZE_FOR_SEQUENTIAL_KEY = OFF) ON [PRIMARY]
) ON [PRIMARY]
GO
/****** Object:  Table [dbo].[KHACH_HANG]    Script Date: 12/5/2022 5:16:22 PM ******/
SET ANSI_NULLS ON
GO
SET QUOTED_IDENTIFIER ON
GO
CREATE TABLE [dbo].[KHACH_HANG](
	[ID] [int] IDENTITY(1,1) NOT NULL,
	[HOTEN] [nvarchar](50) NULL,
	[NGAYSINH] [date] NULL,
	[SDT] [nvarchar](12) NULL,
	[DIACHI] [nvarchar](50) NULL,
PRIMARY KEY CLUSTERED 
(
	[ID] ASC
)WITH (PAD_INDEX = OFF, STATISTICS_NORECOMPUTE = OFF, IGNORE_DUP_KEY = OFF, ALLOW_ROW_LOCKS = ON, ALLOW_PAGE_LOCKS = ON, OPTIMIZE_FOR_SEQUENTIAL_KEY = OFF) ON [PRIMARY]
) ON [PRIMARY]
GO
/****** Object:  Table [dbo].[KHO]    Script Date: 12/5/2022 5:16:22 PM ******/
SET ANSI_NULLS ON
GO
SET QUOTED_IDENTIFIER ON
GO
CREATE TABLE [dbo].[KHO](
	[ID] [int] IDENTITY(1,1) NOT NULL,
	[TENKHO] [nvarchar](30) NULL,
	[DIACHI] [nvarchar](50) NULL,
PRIMARY KEY CLUSTERED 
(
	[ID] ASC
)WITH (PAD_INDEX = OFF, STATISTICS_NORECOMPUTE = OFF, IGNORE_DUP_KEY = OFF, ALLOW_ROW_LOCKS = ON, ALLOW_PAGE_LOCKS = ON, OPTIMIZE_FOR_SEQUENTIAL_KEY = OFF) ON [PRIMARY]
) ON [PRIMARY]
GO
/****** Object:  Table [dbo].[NHA_CUNG_CAP]    Script Date: 12/5/2022 5:16:22 PM ******/
SET ANSI_NULLS ON
GO
SET QUOTED_IDENTIFIER ON
GO
CREATE TABLE [dbo].[NHA_CUNG_CAP](
	[ID] [int] IDENTITY(1,1) NOT NULL,
	[TENNCC] [nvarchar](50) NULL,
	[DIACHI] [nvarchar](50) NULL,
PRIMARY KEY CLUSTERED 
(
	[ID] ASC
)WITH (PAD_INDEX = OFF, STATISTICS_NORECOMPUTE = OFF, IGNORE_DUP_KEY = OFF, ALLOW_ROW_LOCKS = ON, ALLOW_PAGE_LOCKS = ON, OPTIMIZE_FOR_SEQUENTIAL_KEY = OFF) ON [PRIMARY]
) ON [PRIMARY]
GO
/****** Object:  Table [dbo].[NHAN_VIEN]    Script Date: 12/5/2022 5:16:22 PM ******/
SET ANSI_NULLS ON
GO
SET QUOTED_IDENTIFIER ON
GO
CREATE TABLE [dbo].[NHAN_VIEN](
	[ID] [int] IDENTITY(1,1) NOT NULL,
	[HOTEN] [nvarchar](50) NULL,
	[GIOITINH] [bit] NULL,
	[NGAYSINH] [date] NULL,
	[CMND] [nvarchar](20) NULL,
	[SDT] [nvarchar](20) NULL,
	[DIACHI] [nvarchar](50) NULL,
	[idCALAM] [int] NULL,
	[idCHUCVU] [int] NULL,
PRIMARY KEY CLUSTERED 
(
	[ID] ASC
)WITH (PAD_INDEX = OFF, STATISTICS_NORECOMPUTE = OFF, IGNORE_DUP_KEY = OFF, ALLOW_ROW_LOCKS = ON, ALLOW_PAGE_LOCKS = ON, OPTIMIZE_FOR_SEQUENTIAL_KEY = OFF) ON [PRIMARY]
) ON [PRIMARY]
GO
/****** Object:  Table [dbo].[PHIEU_NHAP]    Script Date: 12/5/2022 5:16:22 PM ******/
SET ANSI_NULLS ON
GO
SET QUOTED_IDENTIFIER ON
GO
CREATE TABLE [dbo].[PHIEU_NHAP](
	[ID] [int] IDENTITY(1,1) NOT NULL,
	[idNhanVien] [int] NULL,
	[NGAYNHAP] [date] NULL,
	[idNhaCC] [int] NULL,
PRIMARY KEY CLUSTERED 
(
	[ID] ASC
)WITH (PAD_INDEX = OFF, STATISTICS_NORECOMPUTE = OFF, IGNORE_DUP_KEY = OFF, ALLOW_ROW_LOCKS = ON, ALLOW_PAGE_LOCKS = ON, OPTIMIZE_FOR_SEQUENTIAL_KEY = OFF) ON [PRIMARY]
) ON [PRIMARY]
GO
/****** Object:  Table [dbo].[SAN_PHAM]    Script Date: 12/5/2022 5:16:22 PM ******/
SET ANSI_NULLS ON
GO
SET QUOTED_IDENTIFIER ON
GO
CREATE TABLE [dbo].[SAN_PHAM](
	[ID] [int] IDENTITY(1,1) NOT NULL,
	[TEN] [nvarchar](50) NULL,
	[MAUSAC] [nvarchar](20) NULL,
	[idSIZE] [int] NULL,
	[GIABAN] [int] NULL,
	[idHANGSX] [int] NULL,
	[idKHO] [int] NULL,
	[SOLUONG] [int] NULL,
PRIMARY KEY CLUSTERED 
(
	[ID] ASC
)WITH (PAD_INDEX = OFF, STATISTICS_NORECOMPUTE = OFF, IGNORE_DUP_KEY = OFF, ALLOW_ROW_LOCKS = ON, ALLOW_PAGE_LOCKS = ON, OPTIMIZE_FOR_SEQUENTIAL_KEY = OFF) ON [PRIMARY]
) ON [PRIMARY]
GO
/****** Object:  Table [dbo].[USER_LOGIN]    Script Date: 12/5/2022 5:16:22 PM ******/
SET ANSI_NULLS ON
GO
SET QUOTED_IDENTIFIER ON
GO
CREATE TABLE [dbo].[USER_LOGIN](
	[ID] [int] IDENTITY(1,1) NOT NULL,
	[USERNAME] [nvarchar](15) NULL,
	[PASSWORD] [nvarchar](15) NULL,
	[TYPE] [int] NULL,
PRIMARY KEY CLUSTERED 
(
	[ID] ASC
)WITH (PAD_INDEX = OFF, STATISTICS_NORECOMPUTE = OFF, IGNORE_DUP_KEY = OFF, ALLOW_ROW_LOCKS = ON, ALLOW_PAGE_LOCKS = ON, OPTIMIZE_FOR_SEQUENTIAL_KEY = OFF) ON [PRIMARY]
) ON [PRIMARY]
GO
SET IDENTITY_INSERT [dbo].[BANG_SIZE] ON 

INSERT [dbo].[BANG_SIZE] ([ID], [TENSIZE]) VALUES (15, 38)
INSERT [dbo].[BANG_SIZE] ([ID], [TENSIZE]) VALUES (16, 39)
INSERT [dbo].[BANG_SIZE] ([ID], [TENSIZE]) VALUES (17, 40)
INSERT [dbo].[BANG_SIZE] ([ID], [TENSIZE]) VALUES (18, 41)
INSERT [dbo].[BANG_SIZE] ([ID], [TENSIZE]) VALUES (19, 42)
INSERT [dbo].[BANG_SIZE] ([ID], [TENSIZE]) VALUES (20, 43)
INSERT [dbo].[BANG_SIZE] ([ID], [TENSIZE]) VALUES (21, 44)
INSERT [dbo].[BANG_SIZE] ([ID], [TENSIZE]) VALUES (22, 45)
SET IDENTITY_INSERT [dbo].[BANG_SIZE] OFF
GO
SET IDENTITY_INSERT [dbo].[CA_LAM] ON 

INSERT [dbo].[CA_LAM] ([ID], [TENCA], [THOIGIAN]) VALUES (1, N'Ca Sáng', 5)
INSERT [dbo].[CA_LAM] ([ID], [TENCA], [THOIGIAN]) VALUES (2, N'Ca Chiều', 5)
INSERT [dbo].[CA_LAM] ([ID], [TENCA], [THOIGIAN]) VALUES (3, N'Ca Tối', 6)
SET IDENTITY_INSERT [dbo].[CA_LAM] OFF
GO
SET IDENTITY_INSERT [dbo].[CHITIET_PHIEUNHAP] ON 

INSERT [dbo].[CHITIET_PHIEUNHAP] ([ID], [idSanPham], [SOLUONG], [GIANHAP]) VALUES (7, 22, 7, 100000)
INSERT [dbo].[CHITIET_PHIEUNHAP] ([ID], [idSanPham], [SOLUONG], [GIANHAP]) VALUES (8, 48, 5, 100000)
SET IDENTITY_INSERT [dbo].[CHITIET_PHIEUNHAP] OFF
GO
SET IDENTITY_INSERT [dbo].[CHUC_VU] ON 

INSERT [dbo].[CHUC_VU] ([ID], [TENCHUCVU], [LUONG]) VALUES (2, N'Quản Lí', 9000000)
INSERT [dbo].[CHUC_VU] ([ID], [TENCHUCVU], [LUONG]) VALUES (4, N'Bảo Vệ', 4000000)
INSERT [dbo].[CHUC_VU] ([ID], [TENCHUCVU], [LUONG]) VALUES (5, N'Bán Hàng', 5000000)
INSERT [dbo].[CHUC_VU] ([ID], [TENCHUCVU], [LUONG]) VALUES (6, N'Nhập Kho', 7000000)
INSERT [dbo].[CHUC_VU] ([ID], [TENCHUCVU], [LUONG]) VALUES (7, N'ADMIN', 99999)
SET IDENTITY_INSERT [dbo].[CHUC_VU] OFF
GO
SET IDENTITY_INSERT [dbo].[GIO_HANG] ON 

INSERT [dbo].[GIO_HANG] ([ID], [idHoaDon], [idSanPham], [SOLUONG]) VALUES (98, 44, 22, 4)
INSERT [dbo].[GIO_HANG] ([ID], [idHoaDon], [idSanPham], [SOLUONG]) VALUES (102, 44, 23, 5)
INSERT [dbo].[GIO_HANG] ([ID], [idHoaDon], [idSanPham], [SOLUONG]) VALUES (103, 44, 34, 1)
INSERT [dbo].[GIO_HANG] ([ID], [idHoaDon], [idSanPham], [SOLUONG]) VALUES (106, 45, 22, 4)
INSERT [dbo].[GIO_HANG] ([ID], [idHoaDon], [idSanPham], [SOLUONG]) VALUES (108, 45, 23, 5)
INSERT [dbo].[GIO_HANG] ([ID], [idHoaDon], [idSanPham], [SOLUONG]) VALUES (113, 48, 22, 3)
INSERT [dbo].[GIO_HANG] ([ID], [idHoaDon], [idSanPham], [SOLUONG]) VALUES (114, 47, 37, 1)
INSERT [dbo].[GIO_HANG] ([ID], [idHoaDon], [idSanPham], [SOLUONG]) VALUES (115, 47, 24, 5)
INSERT [dbo].[GIO_HANG] ([ID], [idHoaDon], [idSanPham], [SOLUONG]) VALUES (117, 47, 26, 1)
INSERT [dbo].[GIO_HANG] ([ID], [idHoaDon], [idSanPham], [SOLUONG]) VALUES (118, 47, 27, 1)
INSERT [dbo].[GIO_HANG] ([ID], [idHoaDon], [idSanPham], [SOLUONG]) VALUES (121, 47, 38, 1)
INSERT [dbo].[GIO_HANG] ([ID], [idHoaDon], [idSanPham], [SOLUONG]) VALUES (122, 47, 34, 2)
INSERT [dbo].[GIO_HANG] ([ID], [idHoaDon], [idSanPham], [SOLUONG]) VALUES (133, 47, 23, 2)
INSERT [dbo].[GIO_HANG] ([ID], [idHoaDon], [idSanPham], [SOLUONG]) VALUES (134, 49, 50, 1)
INSERT [dbo].[GIO_HANG] ([ID], [idHoaDon], [idSanPham], [SOLUONG]) VALUES (135, 49, 43, 1)
SET IDENTITY_INSERT [dbo].[GIO_HANG] OFF
GO
SET IDENTITY_INSERT [dbo].[HANG_SAN_XUAT] ON 

INSERT [dbo].[HANG_SAN_XUAT] ([ID], [TENHANG], [DIACHI]) VALUES (2, N'Adidas', N'USA')
INSERT [dbo].[HANG_SAN_XUAT] ([ID], [TENHANG], [DIACHI]) VALUES (7, N'Nike', N'USA')
INSERT [dbo].[HANG_SAN_XUAT] ([ID], [TENHANG], [DIACHI]) VALUES (8, N'Vans', N'USA')
INSERT [dbo].[HANG_SAN_XUAT] ([ID], [TENHANG], [DIACHI]) VALUES (9, N'Converse', N'USA')
SET IDENTITY_INSERT [dbo].[HANG_SAN_XUAT] OFF
GO
SET IDENTITY_INSERT [dbo].[HOA_DON] ON 

INSERT [dbo].[HOA_DON] ([ID], [NGAYLAPHD], [idKhachHang], [TRANGTHAI], [TONGTIEN]) VALUES (44, CAST(N'2022-11-10' AS Date), 21, 1, 24500000)
INSERT [dbo].[HOA_DON] ([ID], [NGAYLAPHD], [idKhachHang], [TRANGTHAI], [TONGTIEN]) VALUES (45, CAST(N'2022-11-19' AS Date), 22, 1, 22500000)
INSERT [dbo].[HOA_DON] ([ID], [NGAYLAPHD], [idKhachHang], [TRANGTHAI], [TONGTIEN]) VALUES (46, CAST(N'2022-11-19' AS Date), 21, 0, NULL)
INSERT [dbo].[HOA_DON] ([ID], [NGAYLAPHD], [idKhachHang], [TRANGTHAI], [TONGTIEN]) VALUES (47, CAST(N'2022-11-19' AS Date), 23, 1, 48500000)
INSERT [dbo].[HOA_DON] ([ID], [NGAYLAPHD], [idKhachHang], [TRANGTHAI], [TONGTIEN]) VALUES (48, CAST(N'2022-11-19' AS Date), 22, 0, NULL)
INSERT [dbo].[HOA_DON] ([ID], [NGAYLAPHD], [idKhachHang], [TRANGTHAI], [TONGTIEN]) VALUES (49, CAST(N'2022-11-20' AS Date), 24, 1, 3500000)
SET IDENTITY_INSERT [dbo].[HOA_DON] OFF
GO
SET IDENTITY_INSERT [dbo].[KHACH_HANG] ON 

INSERT [dbo].[KHACH_HANG] ([ID], [HOTEN], [NGAYSINH], [SDT], [DIACHI]) VALUES (21, N'Khoa', CAST(N'2022-11-10' AS Date), N'093324122', N'An Giang')
INSERT [dbo].[KHACH_HANG] ([ID], [HOTEN], [NGAYSINH], [SDT], [DIACHI]) VALUES (22, N'Hiệu', CAST(N'2022-11-10' AS Date), N'093324122', N'Bình Định')
INSERT [dbo].[KHACH_HANG] ([ID], [HOTEN], [NGAYSINH], [SDT], [DIACHI]) VALUES (23, N'Phúc', CAST(N'2022-11-10' AS Date), N'093324122', N'An Giang')
INSERT [dbo].[KHACH_HANG] ([ID], [HOTEN], [NGAYSINH], [SDT], [DIACHI]) VALUES (24, N'HIeu', CAST(N'2022-11-10' AS Date), N'093324122', N'An Giang')
SET IDENTITY_INSERT [dbo].[KHACH_HANG] OFF
GO
SET IDENTITY_INSERT [dbo].[KHO] ON 

INSERT [dbo].[KHO] ([ID], [TENKHO], [DIACHI]) VALUES (1, N'An Suong', N'Binh Duong')
INSERT [dbo].[KHO] ([ID], [TENKHO], [DIACHI]) VALUES (2, N'Củ Chi', N'TP.HCM')
SET IDENTITY_INSERT [dbo].[KHO] OFF
GO
SET IDENTITY_INSERT [dbo].[NHA_CUNG_CAP] ON 

INSERT [dbo].[NHA_CUNG_CAP] ([ID], [TENNCC], [DIACHI]) VALUES (1, N'Công Ty Thiên Long', N'TP.HCM')
INSERT [dbo].[NHA_CUNG_CAP] ([ID], [TENNCC], [DIACHI]) VALUES (2, N'Công Ty Ngọc Trời', N'An Giang')
SET IDENTITY_INSERT [dbo].[NHA_CUNG_CAP] OFF
GO
SET IDENTITY_INSERT [dbo].[NHAN_VIEN] ON 

INSERT [dbo].[NHAN_VIEN] ([ID], [HOTEN], [GIOITINH], [NGAYSINH], [CMND], [SDT], [DIACHI], [idCALAM], [idCHUCVU]) VALUES (1, N'Khoa', 1, CAST(N'2002-05-25' AS Date), N'233242122', N'088223121', N'An Giang', NULL, NULL)
INSERT [dbo].[NHAN_VIEN] ([ID], [HOTEN], [GIOITINH], [NGAYSINH], [CMND], [SDT], [DIACHI], [idCALAM], [idCHUCVU]) VALUES (2, N'NGUYEN VAN A', 1, CAST(N'2002-05-03' AS Date), N'32223112', N'098666232', N'AN GIANG', 1, 7)
INSERT [dbo].[NHAN_VIEN] ([ID], [HOTEN], [GIOITINH], [NGAYSINH], [CMND], [SDT], [DIACHI], [idCALAM], [idCHUCVU]) VALUES (3, N'NGUYEN VAN B', 1, CAST(N'2002-05-01' AS Date), N'32223112', N'098666232', N'AN GIANG', 1, 2)
INSERT [dbo].[NHAN_VIEN] ([ID], [HOTEN], [GIOITINH], [NGAYSINH], [CMND], [SDT], [DIACHI], [idCALAM], [idCHUCVU]) VALUES (4, N'NGUYEN VAN C', 1, CAST(N'2002-02-02' AS Date), N'32223112', N'098666232', N'AN GIANG', 1, 5)
INSERT [dbo].[NHAN_VIEN] ([ID], [HOTEN], [GIOITINH], [NGAYSINH], [CMND], [SDT], [DIACHI], [idCALAM], [idCHUCVU]) VALUES (5, N'NGUYEN VAN D', 1, CAST(N'2002-05-11' AS Date), N'32223112', N'098666232', N'AN GIANG', 1, 6)
SET IDENTITY_INSERT [dbo].[NHAN_VIEN] OFF
GO
SET IDENTITY_INSERT [dbo].[PHIEU_NHAP] ON 

INSERT [dbo].[PHIEU_NHAP] ([ID], [idNhanVien], [NGAYNHAP], [idNhaCC]) VALUES (5, 1, CAST(N'2022-11-07' AS Date), 1)
INSERT [dbo].[PHIEU_NHAP] ([ID], [idNhanVien], [NGAYNHAP], [idNhaCC]) VALUES (7, 1, CAST(N'2022-11-07' AS Date), 1)
INSERT [dbo].[PHIEU_NHAP] ([ID], [idNhanVien], [NGAYNHAP], [idNhaCC]) VALUES (8, 1, CAST(N'2022-11-07' AS Date), 1)
SET IDENTITY_INSERT [dbo].[PHIEU_NHAP] OFF
GO
SET IDENTITY_INSERT [dbo].[SAN_PHAM] ON 

INSERT [dbo].[SAN_PHAM] ([ID], [TEN], [MAUSAC], [idSIZE], [GIABAN], [idHANGSX], [idKHO], [SOLUONG]) VALUES (22, N'Giày Jordan', N'Trắng Đỏ Đen', 15, 4500000, 7, 2, 8)
INSERT [dbo].[SAN_PHAM] ([ID], [TEN], [MAUSAC], [idSIZE], [GIABAN], [idHANGSX], [idKHO], [SOLUONG]) VALUES (23, N'Giày Jordan', N'Trắng Đỏ Đen', 16, 4500000, 7, 2, 0)
INSERT [dbo].[SAN_PHAM] ([ID], [TEN], [MAUSAC], [idSIZE], [GIABAN], [idHANGSX], [idKHO], [SOLUONG]) VALUES (24, N'Giày Jordan', N'Trắng Đỏ Đen', 17, 4500000, 7, 2, -2)
INSERT [dbo].[SAN_PHAM] ([ID], [TEN], [MAUSAC], [idSIZE], [GIABAN], [idHANGSX], [idKHO], [SOLUONG]) VALUES (25, N'Giày Jordan', N'Trắng Đỏ Đen', 18, 4500000, 7, 2, 1)
INSERT [dbo].[SAN_PHAM] ([ID], [TEN], [MAUSAC], [idSIZE], [GIABAN], [idHANGSX], [idKHO], [SOLUONG]) VALUES (26, N'Giày Jordan', N'Trắng Đỏ Đen', 19, 4500000, 7, 2, 0)
INSERT [dbo].[SAN_PHAM] ([ID], [TEN], [MAUSAC], [idSIZE], [GIABAN], [idHANGSX], [idKHO], [SOLUONG]) VALUES (27, N'Giày Jordan', N'Trắng Đỏ Đen', 20, 4500000, 7, 2, 0)
INSERT [dbo].[SAN_PHAM] ([ID], [TEN], [MAUSAC], [idSIZE], [GIABAN], [idHANGSX], [idKHO], [SOLUONG]) VALUES (28, N'Giày Vans', N'Trắng Đen', 15, 2000000, 8, 1, -1)
INSERT [dbo].[SAN_PHAM] ([ID], [TEN], [MAUSAC], [idSIZE], [GIABAN], [idHANGSX], [idKHO], [SOLUONG]) VALUES (34, N'Giày Vans', N'Trắng Đen', 16, 2000000, 8, 1, 1)
INSERT [dbo].[SAN_PHAM] ([ID], [TEN], [MAUSAC], [idSIZE], [GIABAN], [idHANGSX], [idKHO], [SOLUONG]) VALUES (35, N'Giày Vans', N'Trắng Đen', 17, 2000000, 8, 1, 1)
INSERT [dbo].[SAN_PHAM] ([ID], [TEN], [MAUSAC], [idSIZE], [GIABAN], [idHANGSX], [idKHO], [SOLUONG]) VALUES (36, N'Giày Vans', N'Trắng Đen', 18, 2000000, 8, 1, 1)
INSERT [dbo].[SAN_PHAM] ([ID], [TEN], [MAUSAC], [idSIZE], [GIABAN], [idHANGSX], [idKHO], [SOLUONG]) VALUES (37, N'Giày Vans', N'Trắng Đen', 19, 2000000, 8, 1, 14)
INSERT [dbo].[SAN_PHAM] ([ID], [TEN], [MAUSAC], [idSIZE], [GIABAN], [idHANGSX], [idKHO], [SOLUONG]) VALUES (38, N'Giày Vans', N'Trắng Đen', 20, 2000000, 8, 1, 0)
INSERT [dbo].[SAN_PHAM] ([ID], [TEN], [MAUSAC], [idSIZE], [GIABAN], [idHANGSX], [idKHO], [SOLUONG]) VALUES (39, N'Giày Adidas', N'Trắng', 15, 2000000, 2, 1, 1)
INSERT [dbo].[SAN_PHAM] ([ID], [TEN], [MAUSAC], [idSIZE], [GIABAN], [idHANGSX], [idKHO], [SOLUONG]) VALUES (40, N'Giày Adidas', N'Trắng', 16, 2000000, 2, 1, 1)
INSERT [dbo].[SAN_PHAM] ([ID], [TEN], [MAUSAC], [idSIZE], [GIABAN], [idHANGSX], [idKHO], [SOLUONG]) VALUES (41, N'Giày Adidas', N'Trắng', 17, 2000000, 2, 1, 1)
INSERT [dbo].[SAN_PHAM] ([ID], [TEN], [MAUSAC], [idSIZE], [GIABAN], [idHANGSX], [idKHO], [SOLUONG]) VALUES (42, N'Giày Adidas', N'Trắng', 18, 2000000, 2, 1, 1)
INSERT [dbo].[SAN_PHAM] ([ID], [TEN], [MAUSAC], [idSIZE], [GIABAN], [idHANGSX], [idKHO], [SOLUONG]) VALUES (43, N'Giày Adidas', N'Trắng', 19, 2000000, 2, 1, 0)
INSERT [dbo].[SAN_PHAM] ([ID], [TEN], [MAUSAC], [idSIZE], [GIABAN], [idHANGSX], [idKHO], [SOLUONG]) VALUES (44, N'Giày Adidas', N'Trắng', 20, 2000000, 2, 1, 1)
INSERT [dbo].[SAN_PHAM] ([ID], [TEN], [MAUSAC], [idSIZE], [GIABAN], [idHANGSX], [idKHO], [SOLUONG]) VALUES (45, N'Giày Converse', N'Trắng Đen', 20, 1500000, 9, 2, 1)
INSERT [dbo].[SAN_PHAM] ([ID], [TEN], [MAUSAC], [idSIZE], [GIABAN], [idHANGSX], [idKHO], [SOLUONG]) VALUES (46, N'Giày Converse', N'Trắng Đen', 15, 1500000, 9, 2, 1)
INSERT [dbo].[SAN_PHAM] ([ID], [TEN], [MAUSAC], [idSIZE], [GIABAN], [idHANGSX], [idKHO], [SOLUONG]) VALUES (47, N'Giày Converse', N'Trắng Đen', 16, 1500000, 9, 2, 1)
INSERT [dbo].[SAN_PHAM] ([ID], [TEN], [MAUSAC], [idSIZE], [GIABAN], [idHANGSX], [idKHO], [SOLUONG]) VALUES (48, N'Giày Converse', N'Trắng Đen', 17, 1500000, 9, 2, 6)
INSERT [dbo].[SAN_PHAM] ([ID], [TEN], [MAUSAC], [idSIZE], [GIABAN], [idHANGSX], [idKHO], [SOLUONG]) VALUES (49, N'Giày Converse', N'Trắng Đen', 18, 1500000, 9, 2, 1)
INSERT [dbo].[SAN_PHAM] ([ID], [TEN], [MAUSAC], [idSIZE], [GIABAN], [idHANGSX], [idKHO], [SOLUONG]) VALUES (50, N'Giày Converse', N'Trắng Đen', 19, 1500000, 9, 2, 0)
SET IDENTITY_INSERT [dbo].[SAN_PHAM] OFF
GO
SET IDENTITY_INSERT [dbo].[USER_LOGIN] ON 

INSERT [dbo].[USER_LOGIN] ([ID], [USERNAME], [PASSWORD], [TYPE]) VALUES (1, N'admin', N'admin', 7)
INSERT [dbo].[USER_LOGIN] ([ID], [USERNAME], [PASSWORD], [TYPE]) VALUES (2, N'nhanvien', N'123', 5)
SET IDENTITY_INSERT [dbo].[USER_LOGIN] OFF
GO
ALTER TABLE [dbo].[HOA_DON] ADD  DEFAULT (getdate()) FOR [NGAYLAPHD]
GO
ALTER TABLE [dbo].[HOA_DON] ADD  DEFAULT ((0)) FOR [TRANGTHAI]
GO
ALTER TABLE [dbo].[PHIEU_NHAP] ADD  DEFAULT (getdate()) FOR [NGAYNHAP]
GO
ALTER TABLE [dbo].[CHITIET_PHIEUNHAP]  WITH CHECK ADD  CONSTRAINT [fk_ctphieunhap_phieunhap] FOREIGN KEY([ID])
REFERENCES [dbo].[PHIEU_NHAP] ([ID])
GO
ALTER TABLE [dbo].[CHITIET_PHIEUNHAP] CHECK CONSTRAINT [fk_ctphieunhap_phieunhap]
GO
ALTER TABLE [dbo].[CHITIET_PHIEUNHAP]  WITH CHECK ADD  CONSTRAINT [fk_ctphieunhap_sanpham] FOREIGN KEY([idSanPham])
REFERENCES [dbo].[SAN_PHAM] ([ID])
GO
ALTER TABLE [dbo].[CHITIET_PHIEUNHAP] CHECK CONSTRAINT [fk_ctphieunhap_sanpham]
GO
ALTER TABLE [dbo].[GIO_HANG]  WITH CHECK ADD  CONSTRAINT [fk_giohang_hoadon] FOREIGN KEY([idHoaDon])
REFERENCES [dbo].[HOA_DON] ([ID])
GO
ALTER TABLE [dbo].[GIO_HANG] CHECK CONSTRAINT [fk_giohang_hoadon]
GO
ALTER TABLE [dbo].[GIO_HANG]  WITH CHECK ADD  CONSTRAINT [fk_giohang_sp] FOREIGN KEY([idSanPham])
REFERENCES [dbo].[SAN_PHAM] ([ID])
GO
ALTER TABLE [dbo].[GIO_HANG] CHECK CONSTRAINT [fk_giohang_sp]
GO
ALTER TABLE [dbo].[HOA_DON]  WITH CHECK ADD  CONSTRAINT [fk_hoadon_khachhang] FOREIGN KEY([idKhachHang])
REFERENCES [dbo].[KHACH_HANG] ([ID])
GO
ALTER TABLE [dbo].[HOA_DON] CHECK CONSTRAINT [fk_hoadon_khachhang]
GO
ALTER TABLE [dbo].[NHAN_VIEN]  WITH CHECK ADD  CONSTRAINT [fk_nhanvien_calam] FOREIGN KEY([idCALAM])
REFERENCES [dbo].[CA_LAM] ([ID])
GO
ALTER TABLE [dbo].[NHAN_VIEN] CHECK CONSTRAINT [fk_nhanvien_calam]
GO
ALTER TABLE [dbo].[NHAN_VIEN]  WITH CHECK ADD  CONSTRAINT [fk_nhanvien_chucvu] FOREIGN KEY([idCHUCVU])
REFERENCES [dbo].[CHUC_VU] ([ID])
GO
ALTER TABLE [dbo].[NHAN_VIEN] CHECK CONSTRAINT [fk_nhanvien_chucvu]
GO
ALTER TABLE [dbo].[PHIEU_NHAP]  WITH CHECK ADD  CONSTRAINT [fk_ncc_phieunhap] FOREIGN KEY([idNhaCC])
REFERENCES [dbo].[NHA_CUNG_CAP] ([ID])
GO
ALTER TABLE [dbo].[PHIEU_NHAP] CHECK CONSTRAINT [fk_ncc_phieunhap]
GO
ALTER TABLE [dbo].[PHIEU_NHAP]  WITH CHECK ADD  CONSTRAINT [fk_nhanvien_phieunhap] FOREIGN KEY([idNhanVien])
REFERENCES [dbo].[NHAN_VIEN] ([ID])
GO
ALTER TABLE [dbo].[PHIEU_NHAP] CHECK CONSTRAINT [fk_nhanvien_phieunhap]
GO
ALTER TABLE [dbo].[SAN_PHAM]  WITH CHECK ADD  CONSTRAINT [fk_hangsx_sp] FOREIGN KEY([idHANGSX])
REFERENCES [dbo].[HANG_SAN_XUAT] ([ID])
GO
ALTER TABLE [dbo].[SAN_PHAM] CHECK CONSTRAINT [fk_hangsx_sp]
GO
ALTER TABLE [dbo].[SAN_PHAM]  WITH CHECK ADD  CONSTRAINT [fk_kho_sp] FOREIGN KEY([idKHO])
REFERENCES [dbo].[KHO] ([ID])
GO
ALTER TABLE [dbo].[SAN_PHAM] CHECK CONSTRAINT [fk_kho_sp]
GO
ALTER TABLE [dbo].[SAN_PHAM]  WITH CHECK ADD  CONSTRAINT [fk_size_sp] FOREIGN KEY([idSIZE])
REFERENCES [dbo].[BANG_SIZE] ([ID])
GO
ALTER TABLE [dbo].[SAN_PHAM] CHECK CONSTRAINT [fk_size_sp]
GO
ALTER TABLE [dbo].[USER_LOGIN]  WITH CHECK ADD  CONSTRAINT [fk_login_chucvu] FOREIGN KEY([TYPE])
REFERENCES [dbo].[CHUC_VU] ([ID])
GO
ALTER TABLE [dbo].[USER_LOGIN] CHECK CONSTRAINT [fk_login_chucvu]
GO
/****** Object:  StoredProcedure [dbo].[ADD_GIOHANG]    Script Date: 12/5/2022 5:16:22 PM ******/
SET ANSI_NULLS ON
GO
SET QUOTED_IDENTIFIER ON
GO
CREATE PROC [dbo].[ADD_GIOHANG]
	@IDHOADON INT, @IDSANPHAM INT, @SOLUONG INT
	AS
	BEGIN
	    DECLARE @isExitsGioHang INT
			DECLARE @SanPhamCount INT = 1
			DECLARE @CheckSanPham INT
			

			
			SELECT @isExitsGioHang = id , @SanPhamCount = GIO_HANG.SOLUONG
			FROM GIO_HANG
			WHERE idHoaDon = @IDHOADON AND idSanPham = @IDSANPHAM
			
			IF(@isExitsGioHang>0)
			BEGIN
					DECLARE @newCount INT = @SanPhamCount + @SOLUONG
					IF(@newCount > 0)
						UPDATE GIO_HANG SET SOLUONG = @SanPhamCount + @SOLUONG WHERE idSanPham = @IDSANPHAM
					ElSE
						DELETE GIO_HANG WHERE idHoaDon = @IDHOADON AND idSanPham = @IDSANPHAM
			END
			ELSE
				BEGIN
					INSERT INTO GIO_HANG(idHoaDon,idSanPham,SOLUONG)
					VALUES (@IDHOADON,@IDSANPHAM,@SOLUONG)
				END
	END
GO
/****** Object:  StoredProcedure [dbo].[ADD_HOADON]    Script Date: 12/5/2022 5:16:22 PM ******/
SET ANSI_NULLS ON
GO
SET QUOTED_IDENTIFIER ON
GO
CREATE PROC [dbo].[ADD_HOADON]
@IDKHACHHANG INT
AS
BEGIN
	INSERT INTO HOA_DON(NGAYLAPHD, idKhachHang,TRANGTHAI)
	VALUES (GETDATE(),@IDKHACHHANG,0)
END
GO
/****** Object:  StoredProcedure [dbo].[ADD_PHIEUNHAP]    Script Date: 12/5/2022 5:16:22 PM ******/
SET ANSI_NULLS ON
GO
SET QUOTED_IDENTIFIER ON
GO
CREATE PROC [dbo].[ADD_PHIEUNHAP]
@IDNhanVien INT,@idNhaCC INT,@idSanPham INT, @SoLuong INT, @GiaNhap INT
AS
BEGIN
	INSERT INTO PHIEU_NHAP(idNhanVien,NGAYNHAP,idNhaCC)
	VALUES(@IDNhanVien,GETDATE(),@idNhaCC)
	INSERT INTO CHITIET_PHIEUNHAP(idSanPham,SOLUONG,GIANHAP)
	VALUES(@idSanPham,@SoLuong,@GiaNhap)
END
GO
/****** Object:  StoredProcedure [dbo].[DEL_PHIEUNHAP]    Script Date: 12/5/2022 5:16:22 PM ******/
SET ANSI_NULLS ON
GO
SET QUOTED_IDENTIFIER ON
GO
CREATE PROC [dbo].[DEL_PHIEUNHAP]
@ID INT
AS
BEGIN
DELETE FROM CHITIET_PHIEUNHAP WHERE ID = @ID
	DELETE FROM PHIEU_NHAP WHERE ID = @ID
END
GO
/****** Object:  StoredProcedure [dbo].[Show_SanPham]    Script Date: 12/5/2022 5:16:22 PM ******/
SET ANSI_NULLS ON
GO
SET QUOTED_IDENTIFIER ON
GO
Create PROC [dbo].[Show_SanPham]
AS
BEGIN
	SELECT SAN_PHAM.ID,SAN_PHAM.TEN,SAN_PHAM.MAUSAC,BANG_SIZE.TENSIZE,SAN_PHAM.GIABAN,HANG_SAN_XUAT.TENHANG,Kho.TENKHO FROM SAN_PHAM INNER JOIN BANG_SIZE ON SAN_PHAM.idSIZE = BANG_SIZE.ID
INNER JOIN HANG_SAN_XUAT ON SAN_PHAM.idHANGSX = HANG_SAN_XUAT.ID
INNER JOIN KHO ON SAN_PHAM.idKHO = KHO.ID
END;
GO
/****** Object:  StoredProcedure [dbo].[ThongKeDoanhThuTheoNgay]    Script Date: 12/5/2022 5:16:22 PM ******/
SET ANSI_NULLS ON
GO
SET QUOTED_IDENTIFIER ON
GO
CREATE PROC [dbo].[ThongKeDoanhThuTheoNgay]
@CheckOut date, @CheckIn date
As
BEGIN
	SELECT HOA_DON.ID, NGAYLAPHD, KHACH_HANG.HOTEN, TONGTIEN , TRANGTHAI
	FROM HOA_DON
	INNER JOIN KHACH_HANG ON HOA_DON.idKhachHang = KHACH_HANG.ID
	WHERE NGAYLAPHD >= @checkOut AND NGAYLAPHD <= @checkIn AND TRANGTHAI = 1
END
GO
/****** Object:  StoredProcedure [dbo].[UP_PHIEUNHAP]    Script Date: 12/5/2022 5:16:22 PM ******/
SET ANSI_NULLS ON
GO
SET QUOTED_IDENTIFIER ON
GO
CREATE PROC [dbo].[UP_PHIEUNHAP]
@ID INT, @IDNhanVien INT,@idNhaCC INT,@idSanPham INT, @SoLuong INT, @GiaNhap INT
AS
BEGIN
	UPDATE PHIEU_NHAP SET idNhanVien = @IDNhanVien, idNhaCC = @idNhaCC WHERE ID = @ID
	UPDATE CHITIET_PHIEUNHAP SET idSanPham = @idSanPham, SOLUONG = @SoLuong, GIANHAP = @GiaNhap WHERE ID = @ID
END
GO
/****** Object:  StoredProcedure [dbo].[VIEW_PHIEUNHAP]    Script Date: 12/5/2022 5:16:22 PM ******/
SET ANSI_NULLS ON
GO
SET QUOTED_IDENTIFIER ON
GO
CREATE PROC [dbo].[VIEW_PHIEUNHAP]
AS
BEGIN
		SELECT PHIEU_NHAP.ID, PHIEU_NHAP.NGAYNHAP,PHIEU_NHAP.idNhanVien, PHIEU_NHAP.idNhaCC, CHITIET_PHIEUNHAP.idSanPham , SAN_PHAM.idSIZE , CHITIET_PHIEUNHAP.SOLUONG,CHITIET_PHIEUNHAP.GIANHAP, GIANHAP*CHITIET_PHIEUNHAP.SOLUONG AS TONGTIEN, BANG_SIZE.TENSIZE, NHAN_VIEN.HOTEN, NHA_CUNG_CAP.TENNCC, SAN_PHAM.TEN
		FROM PHIEU_NHAP
		INNER JOIN CHITIET_PHIEUNHAP ON PHIEU_NHAP.ID = CHITIET_PHIEUNHAP.ID
		INNER JOIN NHAN_VIEN ON NHAN_VIEN.ID = PHIEU_NHAP.idNhanVien
		INNER JOIN NHA_CUNG_CAP ON NHA_CUNG_CAP.ID = PHIEU_NHAP.idNhaCC
		INNER JOIN SAN_PHAM ON CHITIET_PHIEUNHAP.idSanPham = SAN_PHAM.ID
		INNER JOIN BANG_SIZE ON BANG_SIZE.ID = SAN_PHAM.idSIZE
END
GO
/****** Object:  StoredProcedure [dbo].[View_SanPham]    Script Date: 12/5/2022 5:16:22 PM ******/
SET ANSI_NULLS ON
GO
SET QUOTED_IDENTIFIER ON
GO
CREATE PROC [dbo].[View_SanPham]
AS
BEGIN
SELECT SAN_PHAM.ID, SAN_PHAM.TEN, SAN_PHAM.MAUSAC, SAN_PHAM.GIABAN, BANG_SIZE.TENSIZE, HANG_SAN_XUAT.TENHANG, SAN_PHAM.SOLUONG, KHO.TENKHO 
FROM SAN_PHAM
INNER JOIN BANG_SIZE ON SAN_PHAM.idSIZE = BANG_SIZE.ID
INNER JOIN HANG_SAN_XUAT ON SAN_PHAM.idHANGSX = HANG_SAN_XUAT.ID
INNER JOIN KHO ON SAN_PHAM.idKHO = KHO.ID;

END
GO
USE [master]
GO
ALTER DATABASE [StoreSneaker] SET  READ_WRITE 
GO
